ID,Lobe_Furrow,Area,Circularity,GedesicDiameter
S5_IN1,Lobe,1184.235,0.171,128.596
S5_IN1,Lobe,1446.669,0.391,91.382
S5_IN1,Lobe,1259.24,0.637,60.809
S5_IN1,Lobe,1875.526,0.396,100.835
S5_IN1,Lobe,1474.118,0.529,77.267
S5_IN1,Lobe,1943.597,0.406,98.023
S5_IN1,Lobe,1839.735,0.582,79.794
S5_IN1,Lobe,1510.535,0.59,73.205
S5_IN1,Lobe,1805.318,0.515,82.059
S5_IN1,Lobe,1528.761,0.453,82.554
S5_IN1,Lobe,993.839,0.541,62.398
S5_IN1,Lobe,1875.763,0.54,85.497
S5_IN1,Lobe,1304.423,0.41,87.997
S5_IN1,Lobe,1671.414,0.492,79.95
S5_IN1,Lobe,1739.638,0.534,73.882
S5_IN1,Lobe,1230.57,0.525,66.486
S5_IN1,Lobe,2181.753,0.47,98.934
S5_IN1,Lobe,1592.085,0.584,74.663
S5_IN1,Lobe,1874.203,0.447,95.757
S5_IN1,Lobe,1880.595,0.529,83.075
S5_IN1,Lobe,1592.322,0.553,76.616
S5_IN1,Lobe,1206.529,0.651,59.169
S5_IN1,Lobe,1481.628,0.54,73.361
S5_IN1,Lobe,1869.507,0.477,95.288
S5_IN1,Lobe,1356.625,0.652,58.674
S5_IN1,Lobe,1683.282,0.616,70.132
S5_IN1,Lobe,2136.773,0.414,104.195
S5_IN1,Lobe,2352.108,0.487,98.752
S5_IN1,Lobe,1369.629,0.597,59.767
S5_IN1,Lobe,1518.046,0.525,72.372
S5_IN1,Lobe,1807.556,0.579,68.231
S5_IN1,Lobe,1750.658,0.494,91.434
S5_IN1,Lobe,1724.04,0.522,82.997
S5_IN1,Lobe,1940.867,0.466,93.049
S5_IN1,Lobe,1686.164,0.541,76.46
S5_IN1,Lobe,1544.749,0.62,69.663
S5_IN1,Lobe,1100.159,0.645,54.481
S5_IN1,Lobe,2559.831,0.5,104.403
S5_IN1,Lobe,1710.697,0.493,87.085
S5_IN1,Lobe,1646.169,0.58,76.33
S5_IN1,Lobe,1021.169,0.453,69.846
S5_IN1,Lobe,2144.487,0.336,125.106
S5_IN1,Lobe,1784.041,0.479,87.007
S5_IN1,Lobe,2379.54,0.409,113.908
S5_IN1,Lobe,1540.731,0.495,77.502
S5_IN1,Lobe,1349.521,0.625,62.007
S5_IN1,Lobe,2590.552,0.521,90.575
S5_IN1,Lobe,2752.855,0.411,122.528
S5_IN1,Lobe,3746.185,0.384,151.096
S5_IN1,Lobe,1519.979,0.614,69.794
S5_IN1,Lobe,1402.842,0.402,91.356
S5_IN1,Lobe,2413.059,0.419,118.752
S5_IN1,Lobe,1740.384,0.491,82.736
S5_IN1,Lobe,2066.023,0.431,105.497
S5_IN1,Lobe,1098.209,0.557,64.611
S5_IN1,Lobe,2606.286,0.404,115.575
S5_IN1,Lobe,1998.749,0.502,87.241
S5_IN1,Lobe,1464.996,0.393,97.32
S5_IN1,Lobe,2686.954,0.294,154.299
S5_IN1,Lobe,2046.017,0.488,97.866
S5_IN1,Lobe,1756.337,0.483,82.294
S5_IN1,Lobe,1220.178,0.607,62.866
S5_IN1,Lobe,2111.952,0.441,100.783
S5_IN1,Lobe,977.105,0.475,68.153
S5_IN1,Lobe,766.551,0.388,66.903
S5_IN1,Lobe,2078.552,0.412,107.111
S5_IN1,Lobe,1527.218,0.515,81.564
S5_IN1,Lobe,1532.254,0.519,77.866
S5_IN1,Lobe,929.396,0.539,56.382
S5_IN1,Lobe,1380.327,0.31,96.382
S5_IN1,Lobe,3451.453,0.428,129.038
S5_IN1,Lobe,2181.786,0.36,120.288
S5_IN1,Lobe,2671.39,0.451,108.491
S5_IN1,Lobe,1704.898,0.507,84.663
S5_IN1,Lobe,1457.418,0.57,65.236
S5_IN1,Lobe,1504.178,0.235,122.71
S5_IN1,Lobe,2364.519,0.435,93.57
S5_IN1,Lobe,2027.418,0.364,105.575
S5_IN1,Lobe,1558.889,0.383,95.549
S5_IN1,Lobe,1420.407,0.585,70.106
S5_IN1,Lobe,2638.312,0.466,108.83
S5_IN1,Lobe,2291.836,0.514,94.611
S5_IN1,Lobe,565.101,0.561,44.403
S5_IN1,Lobe,2307.027,0.463,96.616
S5_IN1,Lobe,2752.584,0.417,118.153
S5_IN1,Lobe,1439.141,0.517,75.523
S5_IN1,Lobe,843.828,0.397,73.023
S5_IN1,Lobe,2432.895,0.44,111.174
S5_IN1,Lobe,2380.032,0.621,87.84
S5_IN1,Lobe,1654.138,0.576,79.429
S5_IN1,Lobe,3332.943,0.332,150.419
S5_IN1,Lobe,2090.2,0.647,74.637
S5_IN1,Furrow,635.043,0.607,32.859
S5_IN1,Furrow,1785.437,0.671,53.705
S5_IN1,Furrow,1362.623,0.77,43.017
S5_IN1,Furrow,1611.244,0.586,59.128
S5_IN1,Furrow,1904.184,0.704,66.8
S5_IN1,Furrow,2536.952,0.619,77.329
S5_IN1,Furrow,1285.535,0.721,46.615
S5_IN1,Furrow,1270.366,0.662,51.959
S5_IN1,Furrow,1094.196,0.661,46.298
S5_IN1,Furrow,1156.535,0.622,51.192
S5_IN1,Furrow,1444.645,0.386,84.022
S5_IN1,Furrow,2101.996,0.74,60.98
S5_IN1,Furrow,802.237,0.747,33.388
S5_IN1,Furrow,1389.147,0.649,59.736
S5_IN1,Furrow,1448.88,0.553,59.26
S5_IN1,Furrow,1196.829,0.724,46.456
S5_IN1,Furrow,775.835,0.695,36.959
S5_IN1,Furrow,1215.41,0.721,46.774
S5_IN1,Furrow,1250.297,0.517,57.938
S5_IN1,Furrow,1823.824,0.573,65.318
S5_IN1,Furrow,846.817,0.567,41.933
S5_IN1,Furrow,994.433,0.571,46.827
S5_IN1,Furrow,1131.708,0.747,43.784
S5_IN1,Furrow,1567.329,0.661,57.673
S5_IN1,Furrow,1850.435,0.611,60.927
S5_IN1,Furrow,505.693,0.301,53.467
S5_IN1,Furrow,501.547,0.484,39.208
S5_IN1,Furrow,629.199,0.32,61.324
S5_IN1,Furrow,2037.155,0.626,52.488
S5_IN1,Furrow,1993.502,0.762,54.525
S5_IN1,Furrow,2268,0.529,75.98
S5_IN1,Furrow,1124.22,0.59,54.895
S5_IN1,Furrow,1585.333,0.662,58.625
S5_IN1,Furrow,1223.476,0.668,48.387
S5_IN1,Furrow,1748.677,0.747,56.324
S5_IN1,Furrow,849.319,0.649,36.853
S5_IN1,Furrow,1837.786,0.744,54.604
S5_IN1,Furrow,1300.914,0.803,45.504
S5_IN1,Furrow,967.733,0.681,43.864
S5_IN1,Furrow,2342.779,0.683,70.133
S5_IN1,Furrow,1672.901,0.544,62.541
S5_IN1,Furrow,829.128,0.778,36.933
S5_IN1,Furrow,1427.482,0.676,55.186
S5_IN1,Furrow,2032.588,0.663,72.408
S5_IN1,Furrow,1379.07,0.657,54.472
S5_IN1,Furrow,1518.147,0.733,49.684
S5_IN1,Furrow,1856.874,0.694,57.699
S5_IN1,Furrow,1304.536,0.633,47.991
S5_IN1,Furrow,1380.067,0.592,62.25
S5_IN1,Furrow,1525.845,0.635,55.028
S5_IN1,Furrow,1129.539,0.633,44.128
S5_IN1,Furrow,1490.503,0.684,53.149
S5_IN1,Furrow,992.176,0.661,49.049
S5_IN1,Furrow,1609.145,0.713,57.197
S5_IN1,Furrow,1139.424,0.793,46.324
S5_IN1,Furrow,2130.847,0.705,52.7
S5_IN1,Furrow,1494.317,0.717,56.721
S5_IN1,Furrow,1530.954,0.682,50.239
S5_IN1,Furrow,2255.875,0.646,67.461
S5_IN1,Furrow,934.368,0.759,42.25
S5_IN1,Furrow,1293.338,0.743,46.139
S5_IN1,Furrow,2043.786,0.565,63.52
S5_IN1,Furrow,2492.739,0.67,69.631
S5_IN1,Furrow,1653.515,0.674,52.409
S5_IN1,Furrow,1521.296,0.605,51.694
S5_IN1,Furrow,2008.689,0.553,64.948
S5_IN1,Furrow,1019.925,0.636,44.181
S5_IN1,Furrow,863.963,0.512,50.954
S5_IN1,Furrow,1984.824,0.552,67.382
S5_IN1,Furrow,1145.775,0.736,48.229
S5_IN1,Furrow,2105.233,0.532,80.398
S5_IN1,Furrow,1236.668,0.773,43.467
S5_IN1,Furrow,1664.923,0.647,59.551
S5_IN1,Furrow,1495.245,0.518,64.022
S5_IN1,Furrow,1556.744,0.728,58.811
S5_IN1,Furrow,661.41,0.612,41.774
S5_IN1,Furrow,1788.796,0.659,50.054
S5_IN1,Furrow,888.406,0.67,41.139
S5_IN1,Furrow,1562.133,0.579,61.509
S5_IN1,Furrow,2272.392,0.563,69.26
S5_IN1,Furrow,1843.892,0.496,66.403
S5_IN1,Furrow,2016.982,0.69,68.863
S5_IN1,Furrow,2191.034,0.578,79.895
S5_IN1,Furrow,1203.618,0.694,39.975
S5_IN1,Furrow,1612.189,0.653,51.403
S5_IN1,Furrow,1605.418,0.693,59.34
S5_IN1,Furrow,2243.488,0.593,82.196
S5_IN1,Furrow,2105.915,0.631,66.562
S5_IN1,Furrow,1874.265,0.69,66.218
S5_IN1,Furrow,1384.581,0.697,45.874
S5_IN1,Furrow,874.724,0.608,45.768
S5_IN1,Furrow,3.447,0.618,3.388
S5_IN1,Furrow,622.795,0.751,31.509
S5_IN1,Furrow,1765.701,0.693,58.705
S5_IN1,Furrow,1158.25,0.644,54.525
S5_IN1,Furrow,450.003,0.807,27.938
S5_IN1,Furrow,1505.305,0.776,56.509
S5_IN1,Furrow,1440.831,0.709,56.509
S5_IN1,Furrow,1582.043,0.672,53.731
S5_IN1,Furrow,1823.474,0.637,58.599
S5_IN1,Furrow,1202.27,0.749,51.747
S5_IN1,Furrow,1909.59,0.715,64.366
S5_IN1,Furrow,1740.402,0.685,56.535
S5_IN1,Furrow,1979.96,0.647,55.821
S5_IN1,Furrow,1863.348,0.63,61.086
S5_IN3,Lobe,24.687,0.79,7.727
S5_IN3,Lobe,36.392,0.781,8.229
S5_IN3,Lobe,8.451,0.892,3.944
S5_IN3,Lobe,1001.956,0.331,80.424
S5_IN3,Lobe,1262.492,0.266,100.688
S5_IN3,Lobe,1424.35,0.464,78.625
S5_IN3,Lobe,1714.402,0.334,104.948
S5_IN3,Lobe,743.274,0.448,58.467
S5_IN3,Lobe,1857.906,0.247,130.106
S5_IN3,Lobe,183.553,0.36,32.488
S5_IN3,Lobe,839.749,0.398,58.096
S5_IN3,Lobe,831.21,0.305,70.953
S5_IN3,Lobe,1510.536,0.496,69.181
S5_IN3,Lobe,1116.574,0.334,77.805
S5_IN3,Lobe,1253.622,0.337,96.826
S5_IN3,Lobe,2639.2,0.368,129.048
S5_IN3,Lobe,859.292,0.395,63.414
S5_IN3,Lobe,1678.71,0.388,87.487
S5_IN3,Lobe,2003.335,0.344,117.857
S5_IN3,Lobe,839.049,0.387,66.853
S5_IN3,Lobe,1488.911,0.43,86.588
S5_IN3,Lobe,1090.225,0.344,77.911
S5_IN3,Lobe,1829.51,0.376,100.133
S5_IN3,Lobe,2043.646,0.291,126.905
S5_IN3,Lobe,1928.643,0.297,119.921
S5_IN3,Lobe,1922.397,0.368,104.233
S5_IN3,Lobe,2487.98,0.373,114.921
S5_IN3,Lobe,900.321,0.505,64.102
S5_IN3,Lobe,804.389,0.37,62.594
S5_IN3,Lobe,1326.091,0.309,87.408
S5_IN3,Lobe,2107.682,0.401,100.371
S5_IN3,Lobe,1099.025,0.356,77.964
S5_IN3,Lobe,920.826,0.509,60.054
S5_IN3,Lobe,730.292,0.461,57.435
S5_IN3,Lobe,823.845,0.337,76.059
S5_IN3,Lobe,861.864,0.413,64.763
S5_IN3,Lobe,1150.447,0.393,83.387
S5_IN3,Lobe,848.199,0.28,86.535
S5_IN3,Lobe,549.276,0.492,46.324
S5_IN3,Lobe,1353.63,0.325,94.498
S5_IN3,Lobe,1403.792,0.243,113.148
S5_IN3,Lobe,1747.925,0.303,114.603
S5_IN3,Lobe,1048.024,0.436,65.636
S5_IN3,Lobe,905.464,0.35,79.26
S5_IN3,Lobe,1765.684,0.3,116.482
S5_IN3,Lobe,1032.102,0.439,65.557
S5_IN3,Lobe,2442.227,0.283,134.524
S5_IN3,Lobe,1180.365,0.54,71.112
S5_IN3,Lobe,1145.897,0.283,95.265
S5_IN3,Lobe,1632.502,0.245,121.826
S5_IN3,Lobe,783.953,0.356,69.816
S5_IN3,Lobe,282.249,0.252,52.144
S5_IN3,Lobe,1014.011,0.5,64.525
S5_IN3,Lobe,858.295,0.392,72.911
S5_IN3,Lobe,16.586,0.498,6.907
S5_IN3,Lobe,529.243,0.4,51.827
S5_IN3,Lobe,1331.147,0.282,100.979
S5_IN3,Lobe,339.549,0.622,26.615
S5_IN3,Lobe,1016.95,0.578,58.784
S5_IN3,Lobe,956.116,0.434,53.705
S5_IN3,Lobe,1016.25,0.311,78.361
S5_IN3,Lobe,1736.115,0.252,115.582
S5_IN3,Lobe,2063.032,0.26,134.524
S5_IN3,Lobe,893.812,0.45,61.879
S5_IN3,Lobe,902.648,0.606,51.774
S5_IN3,Lobe,1638.136,0.202,134.709
S5_IN3,Lobe,1097.45,0.523,61.985
S5_IN3,Lobe,1431.698,0.397,81.932
S5_IN3,Lobe,1526.265,0.329,94.207
S5_IN3,Lobe,1077.82,0.295,92.223
S5_IN3,Lobe,1247.743,0.345,93.837
S5_IN3,Lobe,1885.865,0.421,90.583
S5_IN3,Lobe,1217.125,0.421,80.503
S5_IN3,Lobe,1561.205,0.334,100.371
S5_IN3,Lobe,1866.847,0.293,122.328
S5_IN3,Lobe,1830.122,0.238,117.963
S5_IN3,Lobe,2573.677,0.319,123.095
S5_IN3,Lobe,673.342,0.493,46.959
S5_IN3,Lobe,1748.432,0.34,105.873
S5_IN3,Lobe,1808.969,0.235,123.863
S5_IN3,Lobe,645.663,0.479,33.679
S5_IN3,Lobe,901.773,0.379,62.356
S5_IN3,Lobe,2.939,0.659,2.727
S5_IN3,Lobe,14.924,0.761,5.928
S5_IN3,Lobe,9.221,0.802,4.949
S5_IN3,Lobe,528.001,0.295,62.858
S5_IN3,Lobe,1403.582,0.4,87.196
S5_IN3,Lobe,1111.745,0.49,68.546
S5_IN3,Lobe,1546.159,0.508,79.392
S5_IN3,Lobe,1417.894,0.541,67.091
S5_IN3,Lobe,678.573,0.455,50.424
S5_IN3,Lobe,1867.004,0.286,121.72
S5_IN3,Lobe,922.033,0.381,68.89
S5_IN3,Lobe,1543.429,0.446,77.064
S5_IN3,Lobe,1276.612,0.316,89.419
S5_IN3,Lobe,1083.926,0.355,75.556
S5_IN3,Lobe,10.813,0.756,4.631
S5_IN3,Lobe,6.841,0.681,4.34
S5_IN3,Lobe,807.311,0.422,62.17
S5_IN3,Lobe,996.97,0.354,79.868
S5_IN3,Lobe,1100.32,0.393,68.758
S5_IN3,Lobe,385.564,0.604,30.213
S5_IN3,Lobe,1336.326,0.193,100.027
S5_IN3,Lobe,738.236,0.615,44.472
S5_IN3,Lobe,1096.103,0.277,79.207
S5_IN3,Lobe,2089.766,0.203,126.429
S5_IN3,Lobe,556.957,0.436,50.319
S5_IN3,Lobe,508.668,0.349,45.901
S5_IN3,Lobe,1315.996,0.384,71.8
S5_IN3,Lobe,2298.653,0.429,107.434
S5_IN3,Lobe,1.155,0.248,3.6
S5_IN3,Lobe,752.46,0.314,60.98
S5_IN3,Lobe,1137.254,0.465,70.821
S5_IN3,Lobe,509.105,0.416,43.176
S5_IN3,Lobe,781.626,0.449,58.943
S5_IN3,Lobe,717.433,0.313,56.324
S5_IN3,Lobe,1295,0.271,98.704
S5_IN3,Lobe,1350.883,0.226,108.281
S5_IN3,Lobe,1269.386,0.381,77.726
S5_IN3,Lobe,396.044,0.424,46.88
S5_IN3,Lobe,349.714,0.495,35.239
S5_IN3,Lobe,928.944,0.318,79.313
S5_IN3,Lobe,1073.008,0.315,84.551
S5_IN3,Lobe,1944.303,0.211,145.053
S5_IN3,Lobe,1745.318,0.296,93.096
S5_IN3,Lobe,902,0.421,56.244
S5_IN3,Lobe,759.791,0.482,55.028
S5_IN3,Lobe,2420.602,0.278,120.053
S5_IN3,Lobe,1251.995,0.249,88.387
S5_IN3,Lobe,1224.543,0.483,73.599
S5_IN3,Lobe,1284.013,0.176,122.54
S5_IN3,Lobe,1397.808,0.258,88.228
S5_IN3,Lobe,1255.476,0.421,73.969
S5_IN3,Lobe,998.474,0.258,71.271
S5_IN3,Lobe,887.933,0.45,53.308
S5_IN3,Lobe,1379.857,0.463,74.657
S5_IN3,Lobe,1313.756,0.32,92.725
S5_IN3,Lobe,1772.577,0.314,112.275
S5_IN3,Lobe,43.548,0.559,10.875
S5_IN3,Lobe,1071.836,0.498,62.938
S5_IN3,Lobe,604.757,0.474,44.975
S5_IN3,Lobe,291.032,0.486,34.684
S5_IN3,Lobe,1138.672,0.248,69.816
S5_IN3,Lobe,202.204,0.553,26.377
S5_IN3,Lobe,8.976,0.903,3.494
S5_IN3,Lobe,4.444,0.511,3.626
S5_IN3,Lobe,963.202,0.314,55.319
S5_IN3,Lobe,686.219,0.297,51.377
S5_IN3,Lobe,1395.709,0.302,83.995
S5_IN3,Lobe,245.367,0.538,26.43
S5_IN3,Lobe,843.913,0.362,61.668
S5_IN3,Lobe,704.153,0.468,42.911
S5_IN3,Lobe,1653.13,0.313,101.535
S5_IN3,Lobe,1156.22,0.4,80.556
S5_IN3,Lobe,777.06,0.31,68.202
S5_IN3,Lobe,674.479,0.419,53.52
S5_IN3,Lobe,1245.748,0.342,68.837
S5_IN3,Lobe,1033.362,0.292,77.197
S5_IN3,Lobe,1648.214,0.467,69.604
S5_IN3,Furrow,19.438,0.666,6.139
S5_IN3,Furrow,708.282,0.557,49.71
S5_IN3,Furrow,821.815,0.678,48.335
S5_IN3,Furrow,1160.682,0.727,51.853
S5_IN3,Furrow,1061.898,0.545,59.287
S5_IN3,Furrow,986.367,0.661,48.493
S5_IN3,Furrow,944.673,0.681,52.25
S5_IN3,Furrow,1749.202,0.553,83.202
S5_IN3,Furrow,919.724,0.75,42.329
S5_IN3,Furrow,810.425,0.749,39.128
S5_IN3,Furrow,2358.036,0.42,115.662
S5_IN3,Furrow,1701.018,0.471,94.207
S5_IN3,Furrow,1257.086,0.611,66.985
S5_IN3,Furrow,1067.777,0.723,51.562
S5_IN3,Furrow,787.365,0.245,84.445
S5_IN3,Furrow,509.98,0.354,53.652
S5_IN3,Furrow,1496.662,0.566,79.472
S5_IN3,Furrow,723.749,0.639,33.202
S5_IN3,Furrow,1006.855,0.731,49.234
S5_IN3,Furrow,2121.119,0.352,106.799
S5_IN3,Furrow,1711.06,0.468,94.445
S5_IN3,Furrow,1369.114,0.582,72.197
S5_IN3,Furrow,1433.36,0.568,70.583
S5_IN3,Furrow,2075.507,0.36,120.688
S5_IN3,Furrow,960.77,0.558,63.096
S5_IN3,Furrow,957.708,0.577,45.213
S5_IN3,Furrow,187.822,0.56,22.965
S5_IN3,Furrow,636.04,0.451,42.964
S5_IN3,Furrow,1364.705,0.598,70.265
S5_IN3,Furrow,789.237,0.62,50.927
S5_IN3,Furrow,1308.472,0.476,76.112
S5_IN3,Furrow,989.919,0.564,64.234
S5_IN3,Furrow,1696.591,0.637,62.065
S5_IN3,Furrow,1592.244,0.55,82.011
S5_IN3,Furrow,1505.235,0.577,77.435
S5_IN3,Furrow,2133.769,0.356,116.984
S5_IN3,Furrow,867.428,0.808,37.038
S5_IN3,Furrow,1273.515,0.44,81.614
S5_IN3,Furrow,1296.732,0.508,75.398
S5_IN3,Furrow,1409.793,0.642,65.424
S5_IN3,Furrow,2280.352,0.276,146.349
S5_IN3,Furrow,1270.873,0.57,66.165
S5_IN3,Furrow,882.632,0.494,42.7
S5_IN3,Furrow,948.155,0.73,47.303
S5_IN3,Furrow,1306.81,0.593,62.117
S5_IN3,Furrow,1855.667,0.468,96.905
S5_IN3,Furrow,668.985,0.736,39.049
S5_IN3,Furrow,1501.421,0.595,75.054
S5_IN3,Furrow,1331.725,0.664,59.445
S5_IN3,Furrow,1171.057,0.703,52.938
S5_IN3,Furrow,1008.78,0.434,76.456
S5_IN3,Furrow,1484.309,0.583,70.504
S5_IN3,Furrow,1128.296,0.395,81.72
S5_IN3,Furrow,1396.338,0.623,65.927
S5_IN3,Furrow,1457.033,0.616,65.371
S5_IN3,Furrow,956.256,0.46,68.149
S5_IN3,Furrow,1865.937,0.526,84.895
S5_IN3,Furrow,1194.747,0.508,69.26
S5_IN3,Furrow,1377.617,0.584,71.377
S5_IN3,Furrow,810.04,0.783,38.996
S5_IN3,Furrow,839.679,0.642,51.959
S5_IN3,Furrow,1063.333,0.718,53.043
S5_IN3,Furrow,1489.033,0.63,71.509
S5_IN3,Furrow,652.364,0.53,48.784
S5_IN3,Furrow,1451.172,0.63,70.398
S5_IN3,Furrow,463.982,0.585,42.567
S5_IN3,Furrow,1496.469,0.459,88.043
S5_IN3,Furrow,1569.306,0.485,82.223
S5_IN3,Furrow,1390.617,0.379,95.45
S5_IN3,Furrow,1274.372,0.483,66.985
S5_IN3,Furrow,1482.525,0.568,68.07
S5_IN3,Furrow,1255.791,0.454,69.445
S5_IN3,Furrow,989.744,0.547,57.382
S5_IN3,Furrow,2706.823,0.396,116.826
S5_IN3,Furrow,806.716,0.727,43.996
S5_IN3,Furrow,319.848,0.849,21.192
S5_IN3,Furrow,1622.897,0.542,72.541
S5_IN3,Furrow,766.842,0.692,43.758
S5_IN3,Furrow,2283.712,0.487,101.879
S5_IN3,Furrow,1440.779,0.496,81.482
S5_IN3,Furrow,965.844,0.566,49.234
S5_IN3,Furrow,549.119,0.609,38.917
S5_IN3,Furrow,1003.951,0.612,52.065
S5_IN3,Furrow,1736.605,0.593,78.017
S5_IN3,Furrow,857.525,0.687,45.372
S5_IN3,Furrow,803.689,0.612,47.329
S5_IN3,Furrow,1234.253,0.671,55.715
S5_IN3,Furrow,1305.376,0.562,68.625
S5_IN3,Furrow,1253.534,0.489,77.752
S5_IN3,Furrow,1823.351,0.249,104.418
S5_IN3,Furrow,1600.029,0.594,70.556
S5_IN3,Furrow,433.906,0.672,30.451
S5_IN3,Furrow,984.985,0.545,51.985
S5_IN3,Furrow,1912.687,0.565,85.027
S5_IN3,Furrow,1520.002,0.62,56.562
S5_IN3,Furrow,731.849,0.584,52.276
S5_IN3,Furrow,759.738,0.73,42.806
S5_IN3,Furrow,996.27,0.728,45.239
S5_IN3,Furrow,1130.588,0.575,61.562
S5_IN3,Furrow,1604.403,0.475,80.636
S5_IN3,Furrow,1075.65,0.45,58.493
S5_IN3,Furrow,655.233,0.704,42.885
S5_IN3,Furrow,1162.081,0.448,68.361
S5_IN3,Furrow,445.646,0.759,29.181
S5_IN3,Furrow,830.966,0.584,49.684
S5_IN3,Furrow,1446.01,0.576,60.768
S5_IN3,Furrow,795.098,0.645,45.874
S5_IN3,Furrow,977.356,0.658,52.17
S5_IN3,Furrow,1206.067,0.513,66.879
S5_IN3,Furrow,1592.524,0.436,93.598
S5_IN3,Furrow,2132.964,0.502,86.323
S5_IN3,Furrow,498.922,0.707,36.218
S5_IN3,Furrow,1117.029,0.604,57.938
S5_IN3,Furrow,1141.471,0.755,43.414
S5_IN3,Furrow,1503.538,0.449,74.181
S5_IN3,Furrow,837.439,0.531,47.858
S5_IN3,Furrow,1512.496,0.61,57.911
S5_IN3,Furrow,1867.162,0.443,98.836
S5_IN3,Furrow,1828.705,0.444,100.953
S5_IN3,Furrow,1174.784,0.649,57.779
S5_IN3,Furrow,1296.96,0.536,73.731
S5_IN3,Furrow,157.256,0.574,23.679
S5_IN3,Furrow,848.952,0.653,52.17
S5_IN3,Furrow,1217.195,0.607,59.816
S5_IN3,Furrow,1595.55,0.632,65.213
S5_IN3,Furrow,1884.973,0.511,90.397
S5_IN3,Furrow,1776.094,0.642,64.895
S5_IN3,Furrow,1635.074,0.393,94.71
S5_IN3,Furrow,1457.208,0.479,81.694
S5_IN3,Furrow,1097.206,0.543,62.144
S5_IN3,Furrow,1467.566,0.508,58.44
S5_IN3,Furrow,699.849,0.69,42.541
S5_IN3,Furrow,839.819,0.372,64.287
S5_IN3,Furrow,1206.364,0.6,60.98
S5_IN3,Furrow,577.323,0.592,47.7
S5_IN3,Furrow,1206.557,0.552,55.477
S5_IN3,Furrow,1427.254,0.517,75.16
S5_IN3,Furrow,1195.044,0.597,63.572
S5_IN3,Furrow,883.717,0.741,40.557
S5_IN3,Furrow,454.447,0.459,37.144
S5_IN3,Furrow,1293.758,0.457,81.958
S5_IN3,Furrow,669.615,0.602,43.996
S5_IN3,Furrow,684.05,0.608,45.398
S5_IN3,Furrow,1344.252,0.587,64.975
S5_IN3,Furrow,1066.43,0.62,60.451
S5_IN3,Furrow,1272.78,0.482,78.837
S5_IN3,Furrow,1411.753,0.458,78.863
S5_IN3,Furrow,1123.397,0.412,74.63
S5_IN3,Furrow,1203.688,0.451,80.45
S5_IN3,Furrow,780.576,0.64,46.668
S5_IN3,Furrow,1460.445,0.514,75.318
S5_IN3,Furrow,1974.169,0.49,91.191
S5_IN3,Furrow,1371.336,0.669,50.028
S5_IN3,Furrow,456.126,0.688,33.679
S5_IN6,Lobe,43.683,0.499,12.729
S5_IN6,Lobe,40.575,0.329,15.314
S5_IN6,Lobe,18.32,0.831,6.224
S5_IN6,Lobe,15.556,0.818,6.224
S5_IN6,Lobe,505.71,0.215,79.661
S5_IN6,Lobe,740.466,0.358,65.201
S5_IN6,Lobe,940.701,0.212,105.541
S5_IN6,Lobe,310.318,0.237,54.803
S5_IN6,Lobe,548.828,0.334,63.212
S5_IN6,Lobe,314.253,0.503,34.064
S5_IN6,Lobe,8.958,0.58,5.996
S5_IN6,Lobe,505.75,0.357,50.4
S5_IN6,Lobe,357.814,0.43,43.638
S5_IN6,Lobe,467.959,0.413,50.087
S5_IN6,Lobe,514.204,0.246,64.32
S5_IN6,Lobe,470.078,0.263,61.365
S5_IN6,Lobe,3.006,0.341,4.405
S5_IN6,Lobe,291.554,0.548,30.627
S5_IN6,Lobe,623.502,0.152,104.405
S5_IN6,Lobe,455.833,0.412,49.036
S5_IN6,Lobe,837.456,0.225,98.496
S5_IN6,Lobe,565.716,0.404,56.479
S5_IN6,Lobe,672.41,0.261,81.365
S5_IN6,Lobe,535.451,0.32,60.542
S5_IN6,Lobe,657.439,0.414,60.968
S5_IN6,Lobe,639.724,0.305,73.354
S5_IN6,Lobe,914.208,0.259,97.047
S5_IN6,Lobe,486.502,0.403,51.11
S5_IN6,Lobe,817.239,0.271,87.644
S5_IN6,Lobe,891.55,0.192,111.82
S5_IN6,Lobe,1082.382,0.214,115.683
S5_IN6,Lobe,697.672,0.128,122.104
S5_IN6,Lobe,361.245,0.455,42.133
S5_IN6,Lobe,307.978,0.422,41.451
S5_IN6,Lobe,834.49,0.254,89.149
S5_IN6,Lobe,660.99,0.249,82.701
S5_IN6,Lobe,833.784,0.266,87.445
S5_IN6,Lobe,1288.245,0.147,152.814
S5_IN6,Lobe,1017.392,0.199,116.28
S5_IN6,Lobe,122.251,0.606,19.206
S5_IN6,Lobe,691.578,0.137,117.331
S5_IN6,Lobe,492.716,0.392,49.604
S5_IN6,Lobe,856.442,0.21,102.331
S5_IN6,Lobe,281.082,0.385,41.167
S5_IN6,Lobe,423.449,0.394,47.019
S5_IN6,Lobe,637.908,0.382,63.752
S5_IN6,Lobe,692.769,0.245,81.593
S5_IN6,Lobe,833.179,0.179,110.825
S5_IN6,Lobe,583.552,0.332,66.877
S5_IN6,Lobe,1008.575,0.189,117.217
S5_IN6,Lobe,424.66,0.441,45.655
S5_IN6,Lobe,647.532,0.186,94.462
S5_IN6,Lobe,417.659,0.268,64.746
S5_IN6,Lobe,375.711,0.288,54.718
S5_IN6,Lobe,230.277,0.599,26.451
S5_IN6,Lobe,1096.344,0.245,104.689
S5_IN6,Lobe,930.572,0.188,97.587
S5_IN6,Lobe,601.953,0.204,87.672
S5_IN6,Lobe,1006.537,0.21,114.49
S5_IN6,Lobe,371.192,0.366,49.235
S5_IN6,Lobe,477.826,0.261,70.854
S5_IN6,Lobe,229.107,0.497,31.593
S5_IN6,Lobe,384.428,0.417,44.746
S5_IN6,Lobe,553.993,0.351,60.428
S5_IN6,Lobe,732.557,0.174,101.166
S5_IN6,Lobe,496.873,0.328,61.053
S5_IN6,Lobe,697.308,0.201,97.445
S5_IN6,Lobe,676.022,0.412,63.524
S5_IN6,Lobe,598.321,0.155,98.297
S5_IN6,Lobe,482.466,0.248,70.172
S5_IN6,Lobe,962.411,0.266,91.962
S5_IN6,Lobe,804.487,0.411,62.956
S5_IN6,Lobe,5.71,0.671,4.405
S5_IN6,Lobe,711.472,0.196,96.394
S5_IN6,Lobe,888.846,0.289,89.121
S5_IN6,Lobe,520.237,0.283,60.911
S5_IN6,Lobe,735.664,0.391,66.451
S5_IN6,Lobe,787.498,0.256,86.138
S5_IN6,Lobe,652.314,0.41,59.178
S5_IN6,Lobe,14.87,0.527,8.184
S5_IN6,Lobe,1218.151,0.354,89.263
S5_IN6,Lobe,731.104,0.384,64.774
S5_IN6,Lobe,893.951,0.202,85.485
S5_IN6,Lobe,217.425,0.588,26.905
S5_IN6,Lobe,697.934,0.552,47.019
S5_IN6,Furrow,754.696,0.545,49.335
S5_IN6,Furrow,804.407,0.472,56.057
S5_IN6,Furrow,942.041,0.425,61.981
S5_IN6,Furrow,597.347,0.413,47.312
S5_IN6,Furrow,1805.793,0.169,149.481
S5_IN6,Furrow,938.532,0.353,71.466
S5_IN6,Furrow,1082.555,0.325,83.571
S5_IN6,Furrow,1534.034,0.4,88.527
S5_IN6,Furrow,570.372,0.369,57.224
S5_IN6,Furrow,1117.582,0.28,94.566
S5_IN6,Furrow,735.712,0.332,65.798
S5_IN6,Furrow,889.206,0.308,74.143
S5_IN6,Furrow,634.95,0.411,53.664
S5_IN6,Furrow,368.099,0.493,33.897
S5_IN6,Furrow,821.525,0.35,71.21
S5_IN6,Furrow,970.335,0.317,79.555
S5_IN6,Furrow,790.412,0.359,62.067
S5_IN6,Furrow,774.795,0.336,69.016
S5_IN6,Furrow,660.08,0.451,51.613
S5_IN6,Furrow,970.882,0.348,73.488
S5_IN6,Furrow,950.985,0.359,73.688
S5_IN6,Furrow,950.843,0.216,104.905
S5_IN6,Furrow,764.472,0.195,88.641
S5_IN6,Furrow,260.746,0.4,30.336
S5_IN6,Furrow,787.897,0.266,79.47
S5_IN6,Furrow,175.48,0.59,22.817
S5_IN6,Furrow,728.268,0.382,62.807
S5_IN6,Furrow,1263.045,0.235,106.187
S5_IN6,Furrow,1294.32,0.279,99.892
S5_IN6,Furrow,452.757,0.494,39.508
S5_IN6,Furrow,755.507,0.181,97.385
S5_IN6,Furrow,1177.617,0.273,97.699
S5_IN6,Furrow,1233.129,0.325,87.844
S5_IN6,Furrow,1449.214,0.317,102.655
S5_IN6,Furrow,658.559,0.293,69.415
S5_IN6,Furrow,927.458,0.379,73.004
S5_IN6,Furrow,1365.652,0.246,112.368
S5_IN6,Furrow,1044.242,0.415,71.039
S5_IN6,Furrow,762.971,0.385,60.756
S5_IN6,Furrow,1229.884,0.241,106.215
S5_IN6,Furrow,764.999,0.347,66.595
S5_IN6,Furrow,934.232,0.377,69.985
S5_IN6,Furrow,766.723,0.422,61.155
S5_IN6,Furrow,723.725,0.37,62.836
S5_IN6,Furrow,869.999,0.374,69.615
S5_IN6,Furrow,894.338,0.291,81.777
S5_IN6,Furrow,1031.647,0.345,78.245
S5_IN6,Furrow,859.087,0.333,73.089
S5_IN6,Furrow,907.095,0.338,75.311
S5_IN6,Furrow,1120.523,0.359,79.099
S5_IN6,Furrow,1326.406,0.196,120.257
S5_IN6,Furrow,679.064,0.3,69.216
S5_IN6,Furrow,858.661,0.386,63.377
S5_IN6,Furrow,685.432,0.425,58.25
S5_IN6,Furrow,1391.492,0.215,121.966
S5_IN6,Furrow,855.579,0.273,84.283
S5_IN6,Furrow,1193.599,0.254,103.395
S5_IN6,Furrow,466.853,0.221,63.006
S5_IN6,Furrow,992.908,0.289,94.252
S5_IN6,Furrow,849.23,0.485,52.468
S5_IN6,Furrow,639.291,0.369,61.354
S5_IN6,Furrow,902.227,0.248,85.081
S5_IN6,Furrow,1162.974,0.24,98.81
S5_IN6,Furrow,732.304,0.37,59.959
S5_IN6,Furrow,885.657,0.318,69.13
S5_IN6,Furrow,927.539,0.3,77.504
S5_IN6,Furrow,630.042,0.208,81.463
S5_IN6,Furrow,580.189,0.29,62.95
S5_IN6,Furrow,866.004,0.429,61.269
S5_IN6,Furrow,732.629,0.485,50.787
S5_IN6,Furrow,786.863,0.362,63.177
S5_IN6,Furrow,1046.129,0.239,99.863
S5_IN6,Furrow,618.238,0.434,51.471
S5_IN6,Furrow,553.274,0.631,35.463
S5_IN6,Furrow,602.884,0.58,38.483
S5_IN6,Furrow,874.644,0.286,60.443
S5_IN6,Furrow,1190.273,0.295,89.951
S5_IN6,Furrow,720.013,0.314,59.532
S5_IN6,Furrow,683.668,0.395,54.917
S5_IN6,Furrow,526.948,0.393,47.882
S5_IN6,Furrow,768.711,0.353,65.428
S5_IN6,Furrow,643.935,0.367,50.645
S5_IN6,Furrow,1178.55,0.258,88.613
S5_IN6,Furrow,597.773,0.493,44.35
S5_IN6,Furrow,763.66,0.369,67.25
S5_IN6,Furrow,380.025,0.598,33.384
S5_IN6,Furrow,834.161,0.27,68.361
S5_IN6,Furrow,544.269,0.577,40.192
S5_IN6,Furrow,934.658,0.357,69.358
S5_IN6,Furrow,792.035,0.353,63.804
S5_IN6,Furrow,779.257,0.284,71.779
S5_IN6,Furrow,563.618,0.321,63.889
S5_IN6,Furrow,982.22,0.411,66.766
S5_IN6,Furrow,903.809,0.332,74.941
S5_IN6,Furrow,582.886,0.447,50.388
S5_IN6,Furrow,353.699,0.544,27.602
S5_IN6,Furrow,534.919,0.321,53.721
S5_IN6,Furrow,1306.185,0.247,106.101
S5_IN6,Furrow,187.974,0.559,21.478
S5_IN6,Furrow,679.246,0.441,54.034
S5_IN6,Furrow,591.547,0.461,46.714
S5_IN6,Furrow,543.296,0.333,50.36
S5_IN6,Furrow,937.599,0.357,68.361
S5_IN6,Furrow,963.844,0.372,73.887
S5_IN6,Furrow,885.414,0.277,87.616
S5_IN6,Furrow,563.618,0.404,50.93
S5_IN6,Furrow,512.67,0.434,44.92
S5_IN6,Furrow,935.084,0.393,66.225
S5_IN6,Furrow,573.577,0.363,53.721
S5_IN6,Furrow,771.509,0.365,66.823
S5_IN6,Furrow,600.126,0.322,63.234
S5_IN6,Furrow,549.603,0.219,67.421
S5_IN6,Furrow,1039.436,0.325,71.466
S5_IN6,Furrow,523.074,0.313,52.468
S5_IN6,Furrow,640.629,0.504,47.91
S5_IN6,Furrow,659.147,0.459,49.306
S5_IN6,Furrow,823.269,0.352,67.991
S5_IN6,Furrow,542.484,0.495,43.866
S5_IN6,Furrow,551.875,0.548,40.448
S5_IN1,Lobe,1555.553,0.459,87.473
S5_IN1,Lobe,785.2,0.53,47.426
S5_IN1,Lobe,1361.129,0.525,73.374
S5_IN1,Lobe,1761.132,0.405,95.164
S5_IN1,Lobe,1173.743,0.435,74.286
S5_IN1,Lobe,1380.174,0.401,78.985
S5_IN1,Lobe,1250.065,0.319,92.486
S5_IN1,Lobe,1582.305,0.36,98.211
S5_IN1,Lobe,1523.305,0.462,78.729
S5_IN1,Lobe,1089.857,0.495,67.991
S5_IN1,Lobe,1186.44,0.438,67.25
S5_IN1,Lobe,1231.182,0.475,71.238
S5_IN1,Lobe,1248.219,0.508,71.124
S5_IN1,Lobe,1466.13,0.567,61.525
S5_IN1,Lobe,1264.952,0.39,80.438
S5_IN1,Lobe,1329.063,0.318,98.696
S5_IN1,Lobe,1277.851,0.473,68.247
S5_IN1,Lobe,1326.792,0.495,78.672
S5_IN1,Lobe,926.829,0.452,62.38
S5_IN1,Lobe,1657.105,0.349,87.103
S5_IN1,Lobe,1141.982,0.446,74.172
S5_IN1,Lobe,1116.548,0.576,57.481
S5_IN1,Lobe,929.263,0.483,57.652
S5_IN1,Lobe,1398.246,0.616,61.269
S5_IN1,Lobe,1361.393,0.521,75.34
S5_IN1,Lobe,991.063,0.564,61.639
S5_IN1,Lobe,1062.476,0.544,60.557
S5_IN1,Lobe,1169.667,0.468,71.922
S5_IN1,Lobe,847.547,0.504,53.408
S5_IN1,Lobe,1419.521,0.527,75.14
S5_IN1,Lobe,658.031,0.521,47.797
S5_IN1,Lobe,1430.453,0.5,77.932
S5_IN1,Lobe,2515.138,0.46,108.522
S5_IN1,Lobe,1058.967,0.502,69.187
S5_IN1,Lobe,1004.814,0.616,52.61
S5_IN1,Lobe,847.506,0.372,73.716
S5_IN1,Lobe,1039.354,0.473,67.507
S5_IN1,Lobe,1273.653,0.272,102.911
S5_IN1,Lobe,1154.354,0.489,71.865
S5_IN1,Lobe,1476.088,0.424,85.935
S5_IN1,Lobe,1291.643,0.507,74.485
S5_IN1,Lobe,1153.542,0.409,79.128
S5_IN1,Lobe,1006.863,0.652,48.195
S5_IN1,Lobe,1388.267,0.606,65.627
S5_IN1,Lobe,1216.194,0.613,58.819
S5_IN1,Lobe,1070.771,0.482,67.535
S5_IN1,Lobe,898.394,0.478,62.95
S5_IN1,Lobe,831.098,0.457,58.193
S5_IN1,Lobe,1148.594,0.43,75.567
S5_IN1,Lobe,1574.416,0.329,102.256
S5_IN1,Lobe,1022.013,0.512,63.092
S5_IN1,Lobe,1503.672,0.397,84.881
S5_IN1,Lobe,1900.064,0.297,120.029
S5_IN1,Lobe,1600.681,0.43,85.337
S5_IN1,Lobe,1257.711,0.492,69.615
S5_IN1,Lobe,1211.143,0.427,74.599
S5_IN1,Lobe,1439.722,0.381,90.094
S5_IN1,Lobe,1726.409,0.514,80.039
S5_IN1,Lobe,1260.652,0.573,65.143
S5_IN1,Lobe,1178.043,0.5,69.102
S5_IN1,Lobe,1604.23,0.531,74.628
S5_IN1,Lobe,1275.904,0.449,72.292
S5_IN1,Lobe,1210.069,0.499,69.814
S5_IN1,Lobe,1616.724,0.428,87.587
S5_IN1,Lobe,1057.892,0.48,62.01
S5_IN1,Lobe,1084.401,0.451,67.735
S5_IN1,Lobe,1209.805,0.448,73.659
S5_IN1,Lobe,1671.262,0.374,96.759
S5_IN1,Lobe,1091.216,0.518,64.374
S5_IN1,Lobe,1101.215,0.443,66.026
S5_IN1,Lobe,1366.849,0.51,67.336
S5_IN1,Lobe,1228.059,0.453,74.457
S5_IN1,Lobe,1801.21,0.383,94.879
S5_IN1,Lobe,1013.17,0.56,55.458
S5_IN1,Lobe,509.709,0.386,51.044
S5_IN1,Lobe,787.471,0.441,57.196
S5_IN1,Lobe,2220.46,0.465,94.195
S5_IN1,Lobe,1003.658,0.622,51.044
S5_IN1,Lobe,1444.549,0.387,84.938
S5_IN1,Lobe,1905.175,0.4,90.55
S5_IN1,Lobe,1814.352,0.509,81.435
S5_IN1,Lobe,1867.674,0.354,106.158
S5_IN1,Lobe,1276.472,0.421,78.758
S5_IN1,Lobe,1663.129,0.477,83.258
S5_IN1,Lobe,1781.8,0.375,97.613
S5_IN1,Lobe,1006.416,0.581,52.867
S5_IN1,Lobe,1672.175,0.467,77.049
S5_IN1,Lobe,1453.474,0.45,72.377
S5_IN1,Lobe,1145.632,0.504,63.234
S5_IN1,Lobe,913.991,0.511,54.889
S5_IN1,Lobe,801.831,0.688,43.723
S5_IN1,Lobe,1568.27,0.398,84.767
S5_IN1,Lobe,1209.927,0.486,67.051
S5_IN1,Lobe,1584.617,0.463,86.562
S5_IN1,Lobe,1206.134,0.41,79.527
S5_IN1,Lobe,904.093,0.613,44.037
S5_IN1,Lobe,1512.616,0.419,85.622
S5_IN1,Lobe,2076.843,0.454,92.942
S5_IN1,Lobe,1031.586,0.599,54.547
S5_IN1,Lobe,1192.139,0.524,67.564
S5_IN1,Lobe,1049.779,0.597,60.215
S5_IN1,Furrow,1512.925,0.707,58.106
S5_IN1,Furrow,1809.612,0.711,62.067
S5_IN1,Furrow,1330.951,0.635,51.883
S5_IN1,Furrow,1906.18,0.63,70.157
S5_IN1,Furrow,1008.496,0.757,43.594
S5_IN1,Furrow,1538.652,0.512,61.841
S5_IN1,Furrow,1558.758,0.646,53.665
S5_IN1,Furrow,1931.628,0.573,70.327
S5_IN1,Furrow,1849.664,0.666,61.36
S5_IN1,Furrow,1291.22,0.634,51.6
S5_IN1,Furrow,1884.414,0.621,71.657
S5_IN1,Furrow,1274.895,0.753,49.931
S5_IN1,Furrow,1983.183,0.557,59.181
S5_IN1,Furrow,1866.789,0.646,71.939
S5_IN1,Furrow,1500.581,0.655,51.176
S5_IN1,Furrow,1328.09,0.773,45.009
S5_IN1,Furrow,1433.221,0.697,56.098
S5_IN1,Furrow,1188.409,0.681,57.399
S5_IN1,Furrow,1008.096,0.709,47.159
S5_IN1,Furrow,1247.467,0.858,43
S5_IN1,Furrow,1478.135,0.701,54.316
S5_IN1,Furrow,1188.769,0.749,38.05
S5_IN1,Furrow,1501.902,0.7,62.633
S5_IN1,Furrow,645.89,0.578,42.802
S5_IN1,Furrow,1258.33,0.578,55.985
S5_IN1,Furrow,1690.497,0.657,67.753
S5_IN1,Furrow,2221.733,0.607,76.918
S5_IN1,Furrow,1248.727,0.761,44.754
S5_IN1,Furrow,1339.734,0.788,47.555
S5_IN1,Furrow,744.099,0.758,35.391
S5_IN1,Furrow,1511.284,0.58,60.992
S5_IN1,Furrow,1564.6,0.684,60.285
S5_IN1,Furrow,1698.939,0.599,61.699
S5_IN1,Furrow,1977.341,0.562,66.848
S5_IN1,Furrow,2112.901,0.56,78.135
S5_IN1,Furrow,1408.334,0.612,61.954
S5_IN1,Furrow,1321.348,0.68,57.088
S5_IN1,Furrow,1320.628,0.687,56.72
S5_IN1,Furrow,1251.708,0.699,50.836
S5_IN1,Furrow,1099.843,0.699,42.661
S5_IN1,Furrow,1869.21,0.655,57.456
S5_IN1,Furrow,1688.576,0.695,60.794
S5_IN1,Furrow,2002.269,0.68,67.215
S5_IN1,Furrow,1660.408,0.629,65.688
S5_IN1,Furrow,1329.611,0.712,58.842
S5_IN1,Furrow,1857.286,0.612,64.839
S5_IN1,Furrow,1793.767,0.666,65.32
S5_IN1,Furrow,1008.577,0.571,46.423
S5_IN1,Furrow,1324.029,0.708,53.807
S5_IN1,Furrow,1124.451,0.74,43.934
S5_IN1,Furrow,1793.647,0.631,64.047
S5_IN1,Furrow,1358.599,0.757,48.177
S5_IN1,Furrow,1356.239,0.684,53.439
S5_IN1,Furrow,1028.862,0.752,40.37
S5_IN1,Furrow,1112.667,0.726,45.631
S5_IN1,Furrow,1258.79,0.752,45.829
S5_IN1,Furrow,1258.59,0.692,52.392
S5_IN1,Furrow,1472.593,0.76,55.759
S5_IN1,Furrow,1916.924,0.55,75.278
S5_IN1,Furrow,1623.617,0.648,61.699
S5_IN1,Furrow,893.663,0.722,39.181
S5_IN1,Furrow,1170.864,0.772,45.433
S5_IN1,Furrow,1429.9,0.658,59.86
S5_IN1,Furrow,1030.303,0.627,49.959
S5_IN1,Furrow,1174.325,0.62,45.433
S5_IN1,Furrow,1584.886,0.699,56.155
S5_IN1,Furrow,1580.485,0.587,55.872
S5_IN1,Furrow,1015.359,0.748,45.263
S5_IN1,Furrow,1226.14,0.748,48.941
S5_IN1,Furrow,1202.574,0.755,48.715
S5_IN1,Furrow,1519.847,0.67,53.807
S5_IN1,Furrow,1156.68,0.577,53.693
S5_IN1,Furrow,1697.399,0.634,57.88
S5_IN1,Furrow,909.527,0.736,43.906
S5_IN1,Furrow,1411.115,0.565,55.08
S5_IN1,Furrow,1282.757,0.636,53.382
S5_IN1,Furrow,1427.88,0.568,63.99
S5_IN1,Furrow,1176.446,0.77,44.839
S5_IN1,Furrow,1539.373,0.579,55.9
S5_IN1,Furrow,1454.808,0.746,46.169
S5_IN1,Furrow,1872.491,0.54,65.631
S5_IN1,Furrow,650.711,0.671,39.691
S5_IN1,Furrow,1475.834,0.615,64.33
S5_IN1,Furrow,1921.385,0.537,70.723
S5_IN1,Furrow,1407.974,0.698,52.166
S5_IN1,Furrow,1777.363,0.665,61.869
S5_IN1,Furrow,935.955,0.829,36.353
S5_IN1,Furrow,1333.512,0.732,52.534
S5_IN1,Furrow,1697.839,0.677,58.644
S5_IN1,Furrow,1776.302,0.494,67.074
S5_IN1,Furrow,1013.198,0.538,54.966
S5_IN1,Furrow,2072.389,0.586,66.169
S5_IN1,Furrow,1388.588,0.724,48.63
S5_IN1,Furrow,1297.702,0.702,49.224
S5_IN1,Furrow,946.158,0.72,47.725
S5_IN1,Furrow,1585.846,0.729,59.295
S5_IN1,Furrow,2300.396,0.636,66.876
S5_IN1,Furrow,1307.985,0.731,45.094
S5_IN1,Furrow,1075.082,0.701,49.72
S5_IN1,Furrow,1740.802,0.555,63.777
S5_IN1,Furrow,1008.845,0.437,53.495
S5_IN1,Furrow,1670.578,0.545,71.608
S5_IN1,Furrow,1624.952,0.57,63.298
S5_IN1,Furrow,1428.484,0.716,47.636
S5_IN1,Furrow,604.304,0.755,34.284
S5_IN1,Furrow,1163.894,0.55,54.96
S5_IN1,Furrow,1231.162,0.649,42.96
S5_IN1,Furrow,1235.883,0.595,52.763
S5_IN1,Furrow,1372.899,0.476,69.41
S5_IN1,Furrow,1613.704,0.615,55.016
S5_IN1,Furrow,1030.905,0.653,51.777
S5_IN1,Furrow,1544.591,0.606,51.382
S5_IN1,Furrow,839.752,0.468,60.903
S5_IN1,Furrow,1353.38,0.68,53.664
S5_IN1,Furrow,1813.367,0.555,60.988
S5_IN1,Furrow,993.571,0.598,41.101
S5_IN1,Furrow,1302.199,0.694,47.157
S5_IN1,Furrow,1789.423,0.56,69.861
S5_IN1,Furrow,2080.853,0.475,80.734
S5_IN1,Furrow,1293.411,0.569,63.354
S5_IN1,Furrow,1816.898,0.467,86.171
S5_IN1,Furrow,1656.831,0.592,56.115
S5_IN1,Furrow,1269.428,0.605,44.988
S5_IN1,Furrow,1894.858,0.554,73.551
S5_IN1,Furrow,1391.269,0.51,54.115
S5_IN1,Furrow,1343.302,0.685,47.523
S5_IN1,Furrow,1695.077,0.55,56.453
S5_IN1,Furrow,1719.298,0.596,59.298
S5_IN1,Furrow,1652.585,0.632,51.354
S5_IN1,Furrow,1347.904,0.574,60.763
S5_IN1,Furrow,1699.897,0.615,58.791
S5_IN1,Furrow,1234.376,0.615,55.946
S5_IN1,Furrow,1685.178,0.519,67.805
S5_IN1,Furrow,1318.506,0.479,62.424
S5_IN1,Furrow,1612.038,0.487,73.72
S5_IN1,Furrow,1936.993,0.509,74.199
S5_IN1,Furrow,1147.25,0.543,48.96
S5_IN1,Furrow,1545.067,0.499,59.185
S5_IN1,Furrow,1057.625,0.558,51.946
S5_IN1,Furrow,1771.708,0.446,71.805
S5_IN1,Furrow,1236.201,0.607,52.537
S5_IN1,Furrow,1786.309,0.576,56.002
S5_IN1,Furrow,1965.836,0.51,80.819
S5_IN1,Furrow,1146.298,0.603,43.72
S5_IN1,Furrow,1418.486,0.713,53.241
S5_IN1,Furrow,923.783,0.617,44.03
S5_IN1,Furrow,1227.988,0.605,48.34
S5_IN1,Furrow,1407.297,0.585,55.382
S5_IN1,Furrow,774.23,0.598,40.509
S5_IN1,Furrow,1463.556,0.611,52.537
S5_IN1,Furrow,2005.451,0.523,88.791
S5_IN1,Lobe,1931.72,0.469,88.453
S5_IN1,Lobe,1816.465,0.442,84.115
S5_IN1,Lobe,1287.998,0.499,66.115
S5_IN1,Lobe,1222.079,0.568,61.072
S5_IN1,Lobe,1531.561,0.481,71.551
S5_IN1,Lobe,1164.848,0.411,74.058
S5_IN1,Lobe,1943.96,0.36,107.636
S5_IN1,Lobe,994.148,0.603,56.481
S5_IN1,Lobe,1005.197,0.546,64.763
S5_IN1,Lobe,1820.571,0.352,101.129
S5_IN1,Lobe,1224.559,0.521,68.284
S5_IN1,Lobe,1925.888,0.434,94.96
S5_IN1,Lobe,1225.471,0.478,70.087
S5_IN1,Lobe,1440.508,0.45,77.861
S5_IN1,Lobe,979.607,0.513,45.974
S5_IN1,Lobe,1347.788,0.433,71.692
S5_IN1,Lobe,1707.28,0.412,90.875
S5_IN1,Lobe,1806.15,0.394,92.622
S5_IN1,Lobe,1537.096,0.433,81.213
S5_IN1,Lobe,1087.245,0.545,54.425
S5_IN1,Lobe,1809.006,0.492,82.087
S5_IN1,Lobe,1244.237,0.534,59.72
S5_IN1,Lobe,2325.808,0.423,102.312
S5_IN1,Lobe,1409.542,0.448,75.157
S5_IN1,Lobe,1074.073,0.625,48.34
S5_IN1,Lobe,1902.142,0.394,100.875
S5_IN1,Lobe,1186.768,0.626,59.016
S5_IN1,Lobe,1138.98,0.622,48.565
S5_IN1,Lobe,955.029,0.632,36.706
S5_IN1,Lobe,1469.49,0.465,71.917
S5_IN1,Lobe,1338.147,0.546,55.354
S5_IN1,Lobe,1233.644,0.444,65.185
S5_IN1,Lobe,1975.223,0.465,79.636
S5_IN1,Lobe,1249.732,0.435,69.467
S5_IN1,Lobe,1702.797,0.433,79.805
S5_IN1,Lobe,1228.229,0.574,47.382
S5_IN1,Lobe,1945.547,0.446,89.326
S5_IN1,Lobe,1062.726,0.602,43.551
S5_IN1,Lobe,1119.937,0.54,51.523
S5_IN3,Furrow,1332.97,0.434,83.354
S5_IN3,Furrow,1561.793,0.555,72.34
S5_IN3,Furrow,1363.876,0.409,75.354
S5_IN3,Furrow,1274.43,0.423,84.96
S5_IN3,Furrow,876.711,0.482,61.044
S5_IN3,Furrow,451.835,0.724,31.354
S5_IN3,Furrow,1434.636,0.571,72.988
S5_IN3,Furrow,1177.147,0.483,65.805
S5_IN3,Furrow,408.966,0.703,33.354
S5_IN3,Furrow,1223.249,0.511,61.946
S5_IN3,Furrow,1553.005,0.624,68.115
S5_IN3,Furrow,792.382,0.677,47.917
S5_IN3,Furrow,885.301,0.554,59.805
S5_IN3,Furrow,1393.712,0.663,55.889
S5_IN3,Furrow,981.234,0.624,53.016
S5_IN3,Furrow,1169.966,0.47,65.213
S5_IN3,Furrow,938.603,0.641,46.932
S5_IN3,Furrow,1674.291,0.309,97.523
S5_IN3,Furrow,1608.193,0.534,69.861
S5_IN3,Furrow,1351.022,0.458,75.044
S5_IN3,Furrow,1452.569,0.526,70.425
S5_IN3,Furrow,760.425,0.556,36.368
S5_IN3,Furrow,1223.805,0.421,74.087
S5_IN3,Furrow,1331.799,0.374,86.115
S5_IN3,Furrow,726.8,0.587,47.748
S5_IN3,Furrow,1062.448,0.292,80.706
S5_IN3,Furrow,1450.526,0.533,72.227
S5_IN3,Furrow,1439.615,0.556,67.467
S5_IN3,Furrow,676.77,0.65,45.382
S5_IN3,Furrow,1494.525,0.449,75.579
S5_IN3,Furrow,991.609,0.345,73.72
S5_IN3,Furrow,954.989,0.488,60.368
S5_IN3,Furrow,1046.638,0.335,76.227
S5_IN3,Furrow,585.935,0.57,44.481
S5_IN3,Furrow,627.951,0.508,45.157
S5_IN3,Furrow,1378.357,0.503,67.467
S5_IN3,Furrow,827.197,0.376,67.579
S5_IN3,Furrow,373.458,0.636,32.988
S5_IN3,Furrow,1122.297,0.616,58.284
S5_IN3,Furrow,1429.121,0.604,60.284
S5_IN3,Furrow,791.668,0.51,51.044
S5_IN3,Furrow,1074.192,0.508,55.072
S5_IN3,Furrow,742.214,0.524,55.467
S5_IN3,Furrow,539.179,0.533,46.227
S5_IN3,Furrow,740.587,0.561,45.044
S5_IN3,Furrow,951.418,0.406,75.016
S5_IN3,Furrow,1270.026,0.57,64.678
S5_IN3,Furrow,1699.226,0.455,90.594
S5_IN3,Furrow,678.357,0.468,57.917
S5_IN3,Furrow,1865.622,0.413,88.115
S5_IN3,Furrow,869.153,0.431,68.453
S5_IN3,Furrow,869.391,0.455,64.622
S5_IN3,Furrow,729.716,0.738,39.917
S5_IN3,Furrow,1546.36,0.502,72.453
S5_IN3,Furrow,1509.502,0.416,82.256
S5_IN3,Furrow,1330.728,0.451,71.805
S5_IN3,Furrow,1408.054,0.441,74.453
S5_IN3,Lobe,1623.583,0.41,86.537
S5_IN3,Lobe,1334.395,0.47,66.143
S5_IN3,Lobe,1175.895,0.251,100.199
S5_IN3,Lobe,1997.754,0.394,104.706
S5_IN3,Lobe,972.999,0.375,63.157
S5_IN3,Lobe,1325.23,0.342,86.65
S5_IN3,Lobe,1594.343,0.315,107.213
S5_IN3,Lobe,1342.886,0.332,80.143
S5_IN3,Lobe,1437.609,0.374,83.354
S5_IN3,Lobe,1767.741,0.235,117.241
S5_IN3,Lobe,1684.524,0.282,104.312
S5_IN3,Lobe,1416.601,0.394,84.847
S5_IN3,Lobe,1579.267,0.336,102.988
S5_IN3,Lobe,1864.825,0.274,112.819
S5_IN3,Lobe,1940.623,0.37,102.481
S5_IN3,Lobe,1518.208,0.385,92.537
S5_IN3,Lobe,1788.59,0.283,107.044
S5_IN3,Lobe,1473.792,0.291,116.03
S5_IN3,Lobe,713.805,0.575,36.903
S5_IN3,Lobe,733.98,0.454,44.791
S5_IN3,Lobe,1712.772,0.389,95.608
S5_IN3,Lobe,1543.401,0.332,105.382
S5_IN3,Lobe,1275.459,0.455,71.777
S5_IN3,Lobe,1616.323,0.398,97.439
S5_IN3,Lobe,1527.194,0.477,75.72
S5_IN3,Lobe,965.918,0.534,52.593
S5_IN3,Lobe,1459.707,0.412,82.03
S5_IN3,Lobe,1234.614,0.453,74.115
S5_IN3,Lobe,1667.979,0.286,120.115
S5_IN3,Lobe,1811.482,0.385,99.072
S5_IN3,Lobe,2387.379,0.236,140.481
S5_IN3,Lobe,1484.048,0.363,87.889
S5_IN3,Lobe,1601.108,0.389,89.692
S5_IN3,Lobe,1804.837,0.38,101.777
S5_IN3,Lobe,1286.667,0.333,86.593
S5_IN3,Lobe,1870.994,0.31,102.537
S5_IN3,Lobe,846.795,0.455,61.044
S5_IN3,Lobe,2713.544,0.27,152.34
S5_IN3,Lobe,674.364,0.504,59.436
S5_IN3,Lobe,842.474,0.542,62.52
S5_IN3,Lobe,1008.565,0.349,88.036
S5_IN3,Lobe,995.221,0.464,71.233
S5_IN3,Lobe,979.156,0.364,87.923
S5_IN3,Lobe,1156.169,0.619,68.771
S5_IN3,Lobe,1011.525,0.549,67.47
S5_IN3,Lobe,658.739,0.377,69.592
S5_IN3,Lobe,646.775,0.672,45.801
S5_IN3,Lobe,1208.705,0.405,85.603
S5_IN3,Lobe,773.294,0.51,63.991
S5_IN3,Lobe,1337.464,0.453,90.356
S5_IN3,Lobe,702.492,0.628,51.855
S5_IN3,Lobe,966.412,0.518,69.224
S5_IN3,Lobe,978.776,0.285,89.648
S5_IN3,Lobe,1525.861,0.497,90.214
S5_IN3,Lobe,1169.253,0.472,81.19
S5_IN3,Lobe,975.595,0.441,79.351
S5_IN3,Lobe,894.13,0.701,49.309
S5_IN3,Lobe,1524.08,0.576,76.947
S5_IN3,Lobe,879.346,0.642,55.617
S5_IN3,Lobe,731.961,0.514,59.691
S5_IN3,Lobe,791.739,0.606,56.353
S5_IN3,Lobe,760.83,0.658,51.487
S5_IN3,Lobe,855.918,0.374,80.143
S5_IN3,Furrow,798.102,0.807,40.087
S5_IN3,Furrow,948.702,0.819,46.895
S5_IN3,Furrow,562.817,0.735,35.539
S5_IN3,Furrow,504.006,0.83,32.573
S5_IN3,Furrow,1114.742,0.76,56.301
S5_IN3,Furrow,914.269,0.653,57.008
S5_IN3,Furrow,1197.094,0.601,66.669
S5_IN3,Furrow,717.765,0.685,46.471
S5_IN3,Furrow,917.62,0.646,55.143
S5_IN3,Furrow,1189.513,0.587,70.991
S5_IN3,Furrow,652.411,0.785,38.674
S5_IN3,Furrow,635.474,0.739,40.284
S5_IN3,Furrow,846.321,0.683,48.703
S5_IN3,Furrow,1002.725,0.82,37.205
S5_IN3,Furrow,675.233,0.835,34.352
S5_IN3,Furrow,599.265,0.571,38.053
S5_IN3,Furrow,980.342,0.824,42.77
S5_IN3,Furrow,826.93,0.665,48.505
S5_IN3,Furrow,757.944,0.849,36.527
S5_IN3,Furrow,789.424,0.704,41.923
S5_IN3,Furrow,951.136,0.553,65.369
S5_IN3,Furrow,948.143,0.786,46.33
S5_IN3,Furrow,1246.708,0.883,45.482
S5_IN3,Furrow,496.684,0.83,33.335
S5_IN3,Furrow,996.401,0.701,47.77
S5_IN3,Furrow,364.359,0.604,34.098
S5_IN3,Furrow,1004.181,0.604,50.2
S5_IN3,Furrow,943.156,0.81,44.296
S5_IN3,Furrow,475.259,0.833,31.923
S5_IN3,Furrow,754.333,0.625,52.629
S5_IN3,Furrow,1199.288,0.625,69.183
S5_IN6,Furrow,1566.373,0.249,125.696
S5_IN6,Furrow,1040.712,0.35,81.471
S5_IN6,Furrow,2154.772,0.193,165.433
S5_IN6,Furrow,1094.926,0.462,72.521
S5_IN6,Furrow,1487.962,0.315,103.098
S5_IN6,Furrow,966.796,0.38,76.248
S5_IN6,Furrow,1829.16,0.197,154.357
S5_IN6,Furrow,1889.832,0.245,134.567
S5_IN6,Furrow,1424.276,0.284,91.838
S5_IN6,Furrow,2398.96,0.175,186.692
S5_IN6,Furrow,1052.768,0.24,104.357
S5_IN6,Furrow,1813.919,0.191,153.202
S5_IN6,Furrow,1357.335,0.21,120.735
S5_IN6,Furrow,472.015,0.467,44.306
S5_IN6,Furrow,905.28,0.264,91.733
S5_IN6,Furrow,1585.317,0.195,142.992
S5_IN6,Furrow,513.864,0.395,54.883
S5_IN6,Furrow,1418.059,0.241,120.814
S5_IN6,Furrow,1285.52,0.208,125.144
S5_IN6,Furrow,1521.476,0.175,146.981
S5_IN6,Furrow,1783.849,0.249,133.963
S5_IN6,Furrow,1822.96,0.24,135.643
S5_IN6,Furrow,944.632,0.299,90.867
S5_IN6,Furrow,797.696,0.347,75.696
S5_IN6,Furrow,1588.727,0.221,133.648
S5_IN6,Furrow,1043.554,0.162,125.354
S5_IN6,Furrow,1912.169,0.171,170.236
S5_IN6,Furrow,1214.136,0.275,101.602
S5_IN6,Furrow,1156.098,0.298,94.515
S5_IN6,Furrow,1501.171,0.197,136.142
S5_IN6,Furrow,1183.223,0.163,139.291
S5_IN6,Furrow,1025.092,0.207,114.252
S5_IN6,Furrow,1634.657,0.221,133.412
S5_IN6,Furrow,858.454,0.269,89.292
S5_IN6,Furrow,754.452,0.301,77.665
S5_IN6,Furrow,1030.465,0.143,132.52
S5_IN6,Furrow,522.871,0.508,44.306
S5_IN6,Furrow,1528.726,0.202,137.48
S5_IN6,Furrow,933.644,0.273,90.526
S5_IN6,Furrow,424.31,0.54,41.76
S5_IN6,Furrow,1338.287,0.147,155.669
S5_IN6,Furrow,1099.215,0.337,86.011
S5_IN6,Furrow,1144.405,0.187,123.229
S5_IN6,Furrow,679.382,0.21,88.872
S5_IN6,Furrow,1241.845,0.253,110.761
S5_IN6,Furrow,1131.884,0.259,101.418
S5_IN6,Furrow,410.963,0.473,42.495
S5_IN6,Furrow,1122.843,0.179,126.404
S5_IN6,Furrow,538.456,0.411,51.182
S5_IN6,Furrow,335.429,0.353,46.589
S5_IN6,Lobe,401.268,0.429,42.547
S5_IN6,Lobe,1218.493,0.256,103.99
S5_IN6,Lobe,1089.605,0.29,93.57
S5_IN6,Lobe,987.187,0.315,84.174
S5_IN6,Lobe,963.128,0.254,96.3
S5_IN6,Lobe,695.588,0.31,73.912
S5_IN6,Lobe,562.618,0.389,54.516
S5_IN6,Lobe,1193.246,0.189,120.315
S5_IN6,Lobe,1088.193,0.283,91.392
S5_IN6,Lobe,1502.893,0.209,131.575
S5_IN6,Lobe,969.586,0.228,100.132
S5_IN6,Lobe,1449.247,0.151,157.375
S5_IN6,Lobe,1264.44,0.13,156.561
S5_IN6,Lobe,827.145,0.284,85.381
S5_IN6,Lobe,1645.731,0.189,141.496
S5_IN6,Lobe,1708.504,0.168,165.091
S5_IN6,Lobe,453.863,0.364,54.516
S5_IN6,Lobe,1154.049,0.231,114.436
S5_IN6,Lobe,2120.845,0.148,192.414
S5_IN6,Lobe,1385.888,0.221,126.798
S5_IN6,Lobe,2368.184,0.178,186.613
S5_IN6,Lobe,713.412,0.305,73.439
S5_IN6,Lobe,862.122,0.234,95.617
S5_IN6,Lobe,1827.782,0.215,148.373
S5_IN6,Lobe,1733.424,0.206,145.512
S5_IN6,Lobe,1217.614,0.187,122.887
S5_IN6,Lobe,1834.619,0.161,173.831
S5_IN6,Lobe,1410.619,0.268,112.441
S5_IN6,Lobe,1163.917,0.253,106.09
S5_IN6,Lobe,2279.544,0.218,160.105
S5_IN6,Lobe,1618.141,0.16,162.204
S5_IN6,Lobe,1123.532,0.233,109.108
S5_IN6,Lobe,1832.863,0.279,120.026
S5_IN6,Lobe,975.287,0.319,69.082
S5_IN6,Lobe,1569.817,0.157,159.029
S5_IN6,Lobe,737.437,0.305,73.544
S5_IN6,Lobe,1490.356,0.205,133.36
S5_IN6,Lobe,1073.227,0.177,122.257
S5_IN6,Lobe,1176.489,0.331,86.457
S5_IN6,Lobe,369.993,0.196,70.473
S5_IN6,Lobe,560.466,0.369,56.615
S5_IN6,Lobe,624.617,0.356,60.841
S5_IN6,Lobe,1116.299,0.148,135.591
S5_IN6,Lobe,673.199,0.3,72.704
S5_IN6,Lobe,702.341,0.389,66.004
S5_IN6,Lobe,1332.167,0.211,124.733
S5_IN6,Lobe,642.523,0.41,61.589
S5_IN6,Lobe,886.402,0.271,87.486
S5_IN6,Lobe,847.291,0.314,79.505
S5_IN6,Lobe,777.9,0.352,72.995
S5_IN6,Lobe,1063.935,0.258,100.42
S5_IN6,Lobe,829.087,0.372,69.457
S5_IN6,Lobe,965.186,0.313,83.835
S5_IN6,Lobe,1129.862,0.279,101.185
S5_IN6,Lobe,1699.669,0.214,145.479
S5_IN6,Lobe,1296.8,0.267,111.657
S5_IN6,Lobe,1448.179,0.279,114.204
S5_IN6,Lobe,757.714,0.463,63.797
S5_IN6,Lobe,1425.509,0.301,105.628
S5_IN6,Lobe,1584.738,0.21,141.714
S5_IN6,Lobe,1060.431,0.223,111.317
S5_IN6,Lobe,1713.106,0.295,122.242
S5_IN6,Lobe,1229.572,0.347,91.873
S5_IN6,Lobe,1176.963,0.278,104.185
S5_IN6,Lobe,860.669,0.526,56.721
S5_IN6,Lobe,698.796,0.282,80.693
S5_IN6,Lobe,1141.076,0.468,70.278
S5_IN6,Lobe,1334.73,0.283,105.77
S5_IN6,Lobe,1690.697,0.352,102.685
S5_IN6,Lobe,1518.711,0.328,100.703
S5_IN6,Lobe,1434.301,0.268,117.317
S5_IN6,Lobe,846.13,0.379,71.41
S5_IN6,Lobe,903.144,0.287,90.316
S5_IN6,Lobe,1083.259,0.347,98.321
S5_IN6,Furrow,1014.009,0.387,76.589
S5_IN6,Furrow,664.113,0.526,46.956
S5_IN6,Furrow,1252.321,0.3,94.226
S5_IN6,Furrow,553.739,0.353,60.241
S5_IN6,Furrow,958.043,0.274,95.371
S5_IN6,Furrow,610.791,0.562,47.672
S5_IN6,Furrow,854.267,0.352,72.38
S5_IN6,Furrow,1560.001,0.189,151.115
S5_IN6,Furrow,851.91,0.407,69.288
S5_IN6,Furrow,1236.685,0.259,110.23
S5_IN6,Furrow,658.088,0.359,65.681
S5_IN6,Furrow,908.389,0.367,67.112
S5_IN6,Furrow,1048.499,0.287,90.847
S5_IN6,Furrow,785.8,0.407,63.534
S5_IN6,Furrow,969.99,0.435,61.443
S5_IN6,Furrow,776.64,0.341,73.01
S5_IN6,Furrow,552.755,0.652,39.827
S5_IN6,Furrow,724.69,0.359,69.145
S5_IN6,Furrow,971.036,0.452,68.63
S5_IN6,Furrow,686.615,0.296,73.125
S5_IN6,Furrow,506.707,0.441,50.421
S5_IN6,Furrow,1062.352,0.436,75.1
S5_IN6,Furrow,934.579,0.536,58.924
S5_IN6,Furrow,1179.53,0.365,81.829
S5_IN6,Furrow,1158.73,0.268,105.077
S5_IN6,Furrow,636.141,0.387,60.413
S5_IN6,Furrow,1022.944,0.33,83.775
S5_IN6,Furrow,578.023,0.498,46.67
S5_IN6,Furrow,735.879,0.467,58.036
S5_IN6,Furrow,655.793,0.496,46.584
S5_IN6,Furrow,977.573,0.453,67.714
S5_IN6,Furrow,617.799,0.449,51.165
S5_IN6,Furrow,769.508,0.401,67.026
S5_IN6,Furrow,796.375,0.595,51.365
S5_IN6,Furrow,906.196,0.23,98.348
S5_IN6,Furrow,1507.417,0.306,112.005
S5_IN6,Furrow,847.156,0.497,56.834
S5_IN6,Furrow,805.268,0.527,52.682
S5_IN6,Furrow,620.709,0.41,58.867
S5_IN6,Furrow,569.908,0.442,53.828
S5_IN6,Furrow,1087.046,0.371,84.262